year,usd_per_gb,status,source
1990,44495.5998,cross_checked,"OWID McCallum/jcmit series (retr. 2026-07-13; metadata confirms constant 2020 US$, running-minimum convention): 90098700 adj$/TB x CPI(1990)/CPI(2020) = 127.4/257.971. Final: transcribe McCallum nominal directly"
1995,25972.5853,cross_checked,"OWID McCallum/jcmit series (retr. 2026-07-13; metadata confirms constant 2020 US$, running-minimum convention): 44578668 adj$/TB x CPI(1995)/CPI(2020) = 150.3/257.971. Final: transcribe McCallum nominal directly"
2000,683.8033,cross_checked,"OWID McCallum/jcmit series (retr. 2026-07-13; metadata confirms constant 2020 US$, running-minimum convention): 1045032.1 adj$/TB x CPI(2000)/CPI(2020) = 168.8/257.971. Final: transcribe McCallum nominal directly"
2005,74.62,cross_checked,"OWID McCallum/jcmit series (retr. 2026-07-13; metadata confirms constant 2020 US$, running-minimum convention): 100942.766 adj$/TB x CPI(2005)/CPI(2020) = 190.7/257.971. Final: transcribe McCallum nominal directly"
2010,9.7335,cross_checked,"OWID McCallum/jcmit series (retr. 2026-07-13; metadata confirms constant 2020 US$, running-minimum convention): 11587.933 adj$/TB x CPI(2010)/CPI(2020) = 216.687/257.971. Final: transcribe McCallum nominal directly"
2015,3.6215,cross_checked,"OWID McCallum/jcmit series (retr. 2026-07-13; metadata confirms constant 2020 US$, running-minimum convention): 3997.5132 adj$/TB x CPI(2015)/CPI(2020) = 233.707/257.971. Final: transcribe McCallum nominal directly"
2020,2.746,cross_checked,"OWID McCallum/jcmit series (retr. 2026-07-13; metadata confirms constant 2020 US$, running-minimum convention): 2745.97 adj$/TB x CPI(2020)/CPI(2020) = 257.971/257.971. Final: transcribe McCallum nominal directly"
2023,1.2623,cross_checked,"OWID McCallum/jcmit series (retr. 2026-07-13; metadata confirms constant 2020 US$, running-minimum convention): 1088.4346 adj$/TB x CPI(2023)/CPI(2020) = 299.17/257.971. Final: transcribe McCallum nominal directly"
2025,1.5,to_verify,OPEN: mid-2025 street DDR5 kits $2.50-3.75/GB (Tom's Hardware RAM index); DDR4 lowest ~$1.3-1.6/GB. McCallum lowest-recorded basis reads lower (2023: ~$1.26 on 2020-base). H2-2025 spot surged 40-60% on AI demand. Needs basis reconciliation via McCallum transcription
